ext_gene,flybase_gene_id,frequency_FC0.5_wake,frequency_FC1_wake,qualifies_FC0.5_4plus,qualifies_FC1_4plus,qualifying_thresholds,source_files,is_cycling_FC0.5_wake,ZT_cyclers_FC0.5_wake,sleep_corr_exps_FC0.5_wake,wake_corr_exps_FC0.5_wake,Baseline_FC0.5_wake,MechSD3_FC0.5_wake,MechSD6_FC0.5_wake,MechSD12_FC0.5_wake,R85C10>TrpA1_FC0.5_wake,R23E10>ChR_FC0.5_wake,THIP_FC0.5_wake,is_cycling_FC1_wake,ZT_cyclers_FC1_wake,sleep_corr_exps_FC1_wake,wake_corr_exps_FC1_wake,Baseline_FC1_wake,MechSD3_FC1_wake,MechSD6_FC1_wake,MechSD12_FC1_wake,R85C10>TrpA1_FC1_wake,R23E10>ChR_FC1_wake,THIP_FC1_wake
5.8SrRNA-Psi:CR45854,FBgn0267514,4,4,TRUE,TRUE,FC0.5;FC1,FC0.5_Wake_frequency_4_n=82genes.csv;FC1_Wake_frequency_4_n=7genes.csv,TRUE,Baseline,-,"MechSD3,
MechSD6,
MechSD12","Peak=20, log2b=2.274",1.433,2.195,1.494,qval=0.8388,-,-,TRUE,Baseline,-,"MechSD3,
MechSD6,
MechSD12","Peak=20, log2b=2.274",1.433,2.195,1.494,qval=0.8388,-,-
ATPsynF,FBgn0035032,4,,TRUE,FALSE,FC0.5,FC0.5_Wake_frequency_4_n=82genes.csv,TRUE,Baseline,-,"MechSD3,
MechSD6,
MechSD12","Peak=20, log2b=1.0",0.775,0.664,0.535,qval=0.5291,qval=0.2631,qval=0.7275,,,,,,,,,,,
ATPsyndelta,FBgn0028342,4,,TRUE,FALSE,FC0.5,FC0.5_Wake_frequency_4_n=82genes.csv,TRUE,Baseline,-,"MechSD3,
MechSD6,
MechSD12","Peak=20, log2b=0.954",0.573,0.518,0.504,qval=0.9211,qval=1.0,qval=0.7275,,,,,,,,,,,
CG11279,FBgn0036342,4,,TRUE,FALSE,FC0.5,FC0.5_Wake_frequency_4_n=82genes.csv,TRUE,Baseline,-,"MechSD3,
MechSD6,
MechSD12","Peak=20, log2b=1.623",0.658,1.535,0.933,qval=0.3622,qval=0.9704,qval=0.7228,,,,,,,,,,,
CG11699,FBgn0030311,4,,TRUE,FALSE,FC0.5,FC0.5_Wake_frequency_4_n=82genes.csv,TRUE,Baseline,-,"MechSD3,
MechSD6,
MechSD12","Peak=20, log2b=1.121",0.66,0.923,0.648,qval=0.6583,0.353,qval=1.0,,,,,,,,,,,
CG11752,FBgn0030292,4,,TRUE,FALSE,FC0.5,FC0.5_Wake_frequency_4_n=82genes.csv,TRUE,Baseline,-,"MechSD3,
MechSD6,
MechSD12","Peak=20, log2b=1.25",0.983,1.038,0.773,qval=0.8554,qval=0.2114,qval=0.7275,,,,,,,,,,,
CG12384,FBgn0033624,4,,TRUE,FALSE,FC0.5,FC0.5_Wake_frequency_4_n=82genes.csv,TRUE,Baseline,-,"MechSD3,
MechSD6,
MechSD12","Peak=20, log2b=0.753",0.667,1.072,0.653,qval=0.8297,0.377,qval=1.0,,,,,,,,,,,
CG13551,FBgn0040660,4,,TRUE,FALSE,FC0.5,FC0.5_Wake_frequency_4_n=82genes.csv,TRUE,Baseline,-,"MechSD3,
MechSD6,
MechSD12","Peak=20, log2b=0.956",0.755,0.918,0.508,qval=0.3677,0.423,qval=0.708,,,,,,,,,,,
CG14407,FBgn0030584,5,,TRUE,FALSE,FC0.5,FC0.5_Wake_frequency_5_n=14genes.csv,TRUE,Baseline,-,"MechSD3,
MechSD6,
MechSD12,
R23E10>ChR","Peak=20, log2b=1.013",0.655,0.636,0.503,qval=0.7652,0.506,qval=1.0,,,,,,,,,,,
CG14818,FBgn0026088,4,,TRUE,FALSE,FC0.5,FC0.5_Wake_frequency_4_n=82genes.csv,FALSE,-,-,"MechSD3,
MechSD6,
MechSD12,
R23E10>ChR","Peak=20, log2b=1.1, qval=0.3577",0.563,0.933,0.578,qval=0.2526,0.553,qval=1.0,,,,,,,,,,,
CG1552,FBgn0030258,4,,TRUE,FALSE,FC0.5,FC0.5_Wake_frequency_4_n=82genes.csv,FALSE,-,-,"MechSD3,
MechSD6,
MechSD12,
R23E10>ChR","Peak=20, log2b=1.293, qval=0.3144",0.64,1.1,0.712,qval=0.3053,0.793,qval=0.9017,,,,,,,,,,,
CG17202,FBgn0038043,4,,TRUE,FALSE,FC0.5,FC0.5_Wake_frequency_4_n=82genes.csv,FALSE,-,-,"MechSD3,
MechSD6,
MechSD12,
R23E10>ChR","Peak=20, log2b=0.92, qval=0.0557",0.656,0.769,0.523,qval=0.6716,0.698,qval=1.0,,,,,,,,,,,
CG30197,FBgn0050197,4,,TRUE,FALSE,FC0.5,FC0.5_Wake_frequency_4_n=82genes.csv,TRUE,Baseline,-,"MechSD3,
MechSD6,
MechSD12","Peak=20, log2b=1.43",1.138,1.448,0.794,qval=0.1827,qval=0.6487,qval=0.9325,,,,,,,,,,,
CG31248,FBgn0051248,4,,TRUE,FALSE,FC0.5,FC0.5_Wake_frequency_4_n=82genes.csv,TRUE,Baseline,-,"MechSD6,
R85C10>TrpA1,
R23E10>ChR","Peak=20, log2b=1.487",qval=0.8657,0.54,qval=0.6148,0.747,0.655,qval=0.3209,,,,,,,,,,,
CG3337,FBgn0038871,4,,TRUE,FALSE,FC0.5,FC0.5_Wake_frequency_4_n=82genes.csv,TRUE,Baseline,-,"MechSD3,
MechSD6,
MechSD12","Peak=20, log2b=1.022",0.663,0.919,0.582,qval=0.7349,qval=0.6136,qval=1.0,,,,,,,,,,,
CG34242,FBgn0085271,4,,TRUE,FALSE,FC0.5,FC0.5_Wake_frequency_4_n=82genes.csv,TRUE,Baseline,-,"MechSD3,
MechSD6,
MechSD12","Peak=20, log2b=1.8",0.806,1.173,0.861,qval=0.6226,qval=0.595,qval=1.0,,,,,,,,,,,
CG34293,FBgn0085322,4,,TRUE,FALSE,FC0.5,FC0.5_Wake_frequency_4_n=82genes.csv,TRUE,Baseline,-,"MechSD3,
MechSD6,
MechSD12","Peak=20, log2b=0.903",0.652,1.155,0.624,qval=0.9687,qval=0.9442,qval=0.8822,,,,,,,,,,,
CG3740,FBgn0023530,4,,TRUE,FALSE,FC0.5,FC0.5_Wake_frequency_4_n=82genes.csv,TRUE,Baseline,-,"MechSD3,
MechSD6,
MechSD12","Peak=20, log2b=1.188",0.658,0.868,0.575,qval=0.4435,qval=1.0,qval=1.0,,,,,,,,,,,
CG40439,FBgn0058439,4,,TRUE,FALSE,FC0.5,FC0.5_Wake_frequency_4_n=82genes.csv,TRUE,Baseline,-,"MechSD3,
MechSD6,
MechSD12","Peak=20, log2b=1.535",0.76,1.741,0.94,qval=0.2834,qval=1.0,qval=1.0,,,,,,,,,,,
CG41128,FBgn0069923,4,4,TRUE,TRUE,FC0.5;FC1,FC0.5_Wake_frequency_4_n=82genes.csv;FC1_Wake_frequency_4_n=7genes.csv,TRUE,Baseline,-,"MechSD3,
MechSD6,
MechSD12","Peak=20, log2b=1.699",1.057,1.768,1.216,qval=0.095,qval=0.9905,qval=1.0,TRUE,Baseline,-,"MechSD3,
MechSD6,
MechSD12","Peak=20, log2b=1.699",1.057,1.768,1.216,qval=0.095,qval=0.9905,qval=1.0
CG4390,FBgn0038771,4,,TRUE,FALSE,FC0.5,FC0.5_Wake_frequency_4_n=82genes.csv,TRUE,Baseline,-,"MechSD3,
MechSD6,
MechSD12","Peak=20, log2b=1.097",0.617,1.043,0.628,qval=0.624,qval=0.0602,qval=0.7803,,,,,,,,,,,
CG7630,FBgn0040793,4,,TRUE,FALSE,FC0.5,FC0.5_Wake_frequency_4_n=82genes.csv,TRUE,Baseline,-,"MechSD3,
MechSD6,
MechSD12","Peak=20, log2b=1.196",0.873,0.914,0.823,qval=0.8377,qval=0.2251,qval=1.0,,,,,,,,,,,
CG8993,FBgn0035334,4,,TRUE,FALSE,FC0.5,FC0.5_Wake_frequency_4_n=82genes.csv,TRUE,Baseline,-,"MechSD3,
MechSD6,
MechSD12","Peak=20, log2b=1.182",0.804,0.928,0.701,qval=0.5311,0.407,qval=1.0,,,,,,,,,,,
CG9034,FBgn0040931,4,,TRUE,FALSE,FC0.5,FC0.5_Wake_frequency_4_n=82genes.csv,TRUE,Baseline,-,"MechSD3,
MechSD6,
MechSD12","Peak=20, log2b=1.267",1.065,1.199,0.775,qval=0.7572,qval=0.1475,qval=0.83,,,,,,,,,,,
CG9065,FBgn0030610,4,,TRUE,FALSE,FC0.5,FC0.5_Wake_frequency_4_n=82genes.csv,TRUE,Baseline,-,"MechSD3,
MechSD6,
MechSD12","Peak=20, log2b=0.719",0.51,0.722,0.526,qval=0.6543,qval=0.0869,qval=0.8461,,,,,,,,,,,
CG9231,FBgn0036887,4,,TRUE,FALSE,FC0.5,FC0.5_Wake_frequency_4_n=82genes.csv,TRUE,Baseline,-,"MechSD3,
MechSD6,
MechSD12","Peak=20, log2b=0.752",0.519,0.766,0.532,qval=0.5609,qval=1.0,qval=0.7564,,,,,,,,,,,
COX5B,FBgn0031830,4,,TRUE,FALSE,FC0.5,FC0.5_Wake_frequency_4_n=82genes.csv,TRUE,Baseline,-,"MechSD3,
MechSD6,
MechSD12","Peak=20, log2b=1.28",0.916,0.906,0.659,qval=0.624,qval=0.1887,qval=0.911,,,,,,,,,,,
COX8,FBgn0263911,4,,TRUE,FALSE,FC0.5,FC0.5_Wake_frequency_4_n=82genes.csv,TRUE,Baseline,-,"MechSD3,
MechSD6,
MechSD12","Peak=20, log2b=1.617",1.085,1.421,0.954,qval=0.9909,qval=0.3585,qval=1.0,,,,,,,,,,,
HINT1,FBgn0031459,4,,TRUE,FALSE,FC0.5,FC0.5_Wake_frequency_4_n=82genes.csv,TRUE,Baseline,-,"MechSD3,
MechSD6,
THIP","Peak=20, log2b=0.959",0.598,0.986,0.364,qval=0.5759,qval=0.1824,0.514,,,,,,,,,,,
MagR,FBgn0026666,4,,TRUE,FALSE,FC0.5,FC0.5_Wake_frequency_4_n=82genes.csv,TRUE,Baseline,-,"MechSD3,
MechSD6,
MechSD12","Peak=20, log2b=0.858",0.683,0.679,0.595,qval=0.4097,0.331,qval=1.0,,,,,,,,,,,
Mccc1,FBgn0039877,4,,TRUE,FALSE,FC0.5,FC0.5_Wake_frequency_4_n=82genes.csv,TRUE,Baseline,-,"MechSD3,
MechSD6,
MechSD12","Peak=16, log2b=0.946",0.667,0.845,0.71,qval=0.8932,qval=0.9186,qval=0.5328,,,,,,,,,,,
MrgBP,FBgn0033341,4,,TRUE,FALSE,FC0.5,FC0.5_Wake_frequency_4_n=82genes.csv,FALSE,-,-,"MechSD3,
MechSD6,
MechSD12,
R23E10>ChR","Peak=20, log2b=0.945, qval=0.0997",0.676,0.721,0.519,qval=0.4972,0.621,qval=1.0,,,,,,,,,,,
MtnA,FBgn0002868,4,,TRUE,FALSE,FC0.5,FC0.5_Wake_frequency_4_n=82genes.csv,FALSE,-,-,"MechSD3,
MechSD6,
MechSD12,
THIP","Peak=20, log2b=1.674, qval=0.2248",1.037,1.396,0.94,qval=0.5979,qval=0.0672,0.611,,,,,,,,,,,
ND-18,FBgn0031021,4,,TRUE,FALSE,FC0.5,FC0.5_Wake_frequency_4_n=82genes.csv,TRUE,Baseline,-,"MechSD3,
MechSD6,
MechSD12","Peak=20, log2b=0.97",0.685,0.691,0.511,qval=0.5021,qval=0.1001,qval=0.7627,,,,,,,,,,,
ND-ACP,FBgn0011361,4,,TRUE,FALSE,FC0.5,FC0.5_Wake_frequency_4_n=82genes.csv,TRUE,Baseline,-,"MechSD3,
MechSD6,
MechSD12","Peak=20, log2b=1.067",0.764,0.824,0.571,qval=0.1938,qval=1.0,qval=1.0,,,,,,,,,,,
ND-B12,FBgn0034645,4,4,TRUE,TRUE,FC0.5;FC1,FC0.5_Wake_frequency_4_n=82genes.csv;FC1_Wake_frequency_4_n=7genes.csv,TRUE,Baseline,-,"MechSD3,
MechSD6,
MechSD12","Peak=20, log2b=1.348",1.146,1.168,1.001,qval=0.5363,0.411,qval=0.9528,TRUE,Baseline,-,"MechSD3,
MechSD6,
MechSD12","Peak=20, log2b=1.348",1.146,1.168,1.001,qval=0.5363,0.411,qval=0.9528
ND-B15,FBgn0033961,4,,TRUE,FALSE,FC0.5,FC0.5_Wake_frequency_4_n=82genes.csv,TRUE,Baseline,-,"MechSD3,
MechSD6,
MechSD12","Peak=20, log2b=1.58",1.083,1.424,0.871,qval=0.669,qval=0.0829,qval=1.0,,,,,,,,,,,
ND-MLRQ,FBgn0052230,4,,TRUE,FALSE,FC0.5,FC0.5_Wake_frequency_4_n=82genes.csv,TRUE,Baseline,-,"MechSD3,
MechSD6,
MechSD12","Peak=20, log2b=1.384",0.861,1.441,0.927,qval=0.8104,qval=0.9899,qval=0.9362,,,,,,,,,,,
Neb-cGP,FBgn0083167,4,,TRUE,FALSE,FC0.5,FC0.5_Wake_frequency_4_n=82genes.csv,TRUE,Baseline,-,"MechSD3,
MechSD6,
MechSD12","Peak=20, log2b=1.023",0.731,1,0.641,qval=0.8584,qval=0.9004,qval=0.8716,,,,,,,,,,,
Pfdn4,FBgn0035603,4,,TRUE,FALSE,FC0.5,FC0.5_Wake_frequency_4_n=82genes.csv,TRUE,Baseline,-,"MechSD3,
MechSD6,
MechSD12","Peak=20, log2b=1.32",0.893,1.205,0.84,qval=0.2639,qval=0.1786,qval=0.8822,,,,,,,,,,,
Pomp,FBgn0032884,4,,TRUE,FALSE,FC0.5,FC0.5_Wake_frequency_4_n=82genes.csv,TRUE,Baseline,-,"MechSD3,
MechSD6,
MechSD12","Peak=20, log2b=1.051",0.779,1.085,0.744,qval=0.3904,qval=1.0,qval=0.9314,,,,,,,,,,,
Pstk,FBgn0031041,4,,TRUE,FALSE,FC0.5,FC0.5_Wake_frequency_4_n=82genes.csv,TRUE,Baseline,-,"MechSD3,
MechSD6,
MechSD12","Peak=20, log2b=1.209",0.599,0.954,0.65,qval=0.6499,qval=1.0,qval=1.0,,,,,,,,,,,
QIL1,FBgn0036726,4,,TRUE,FALSE,FC0.5,FC0.5_Wake_frequency_4_n=82genes.csv,TRUE,Baseline,-,"MechSD3,
MechSD6,
MechSD12","Peak=20, log2b=1.207",0.711,1.154,0.775,qval=0.6608,qval=0.3692,qval=1.0,,,,,,,,,,,
RFeSP,FBgn0021906,4,,TRUE,FALSE,FC0.5,FC0.5_Wake_frequency_4_n=82genes.csv,TRUE,Baseline,-,"MechSD3,
MechSD6,
MechSD12","Peak=20, log2b=0.89",0.64,0.676,0.522,qval=0.8538,qval=0.1821,qval=0.9546,,,,,,,,,,,
Rab27,FBgn0025382,4,,TRUE,FALSE,FC0.5,FC0.5_Wake_frequency_4_n=82genes.csv,TRUE,Baseline,-,"MechSD3,
MechSD6,
MechSD12","Peak=20, log2b=1.111",0.684,0.879,0.742,qval=0.9669,0.438,qval=0.7405,,,,,,,,,,,
RpL10Ab,FBgn0036213,4,,TRUE,FALSE,FC0.5,FC0.5_Wake_frequency_4_n=82genes.csv,FALSE,-,-,"MechSD3,
MechSD6,
MechSD12,
THIP","Peak=20, log2b=1.307, qval=0.4409",0.85,0.901,0.612,qval=0.5255,0.451,0.537,,,,,,,,,,,
RpL14,FBgn0017579,4,,TRUE,FALSE,FC0.5,FC0.5_Wake_frequency_4_n=82genes.csv,TRUE,Baseline,-,"MechSD3,
MechSD6,
MechSD12","Peak=20, log2b=0.829",0.642,0.914,0.557,qval=0.7555,0.492,qval=0.1536,,,,,,,,,,,
RpL18,FBgn0035753,4,,TRUE,FALSE,FC0.5,FC0.5_Wake_frequency_4_n=82genes.csv,TRUE,Baseline,-,"MechSD3,
MechSD6,
MechSD12","Peak=20, log2b=0.719",0.594,0.796,0.504,qval=0.5689,qval=0.0613,qval=0.2529,,,,,,,,,,,
RpL23,FBgn0010078,6,,TRUE,FALSE,FC0.5,FC0.5_Wake_frequency_6_n=1genes.csv,TRUE,Baseline,-,"MechSD3,
MechSD6,
MechSD12,
R23E10>ChR,
THIP","Peak=20, log2b=1.221",0.974,1.147,0.818,qval=0.563,0.518,0.663,,,,,,,,,,,
RpL24,FBgn0032518,4,,TRUE,FALSE,FC0.5,FC0.5_Wake_frequency_4_n=82genes.csv,TRUE,Baseline,-,"MechSD3,
MechSD6,
MechSD12","Peak=20, log2b=1.196",0.959,1.26,0.958,qval=0.5769,qval=0.0577,qval=0.3696,,,,,,,,,,,
RpL24-like,FBgn0037899,5,,TRUE,FALSE,FC0.5,FC0.5_Wake_frequency_5_n=14genes.csv,TRUE,Baseline,-,"MechSD3,
MechSD6,
MechSD12,
R23E10>ChR","Peak=20, log2b=0.824",0.582,0.846,0.691,qval=0.348,0.59,qval=0.896,,,,,,,,,,,
RpL28,FBgn0035422,4,,TRUE,FALSE,FC0.5,FC0.5_Wake_frequency_4_n=82genes.csv,TRUE,Baseline,-,"MechSD3,
MechSD6,
R23E10>ChR","Peak=20, log2b=0.816",0.64,0.719,0.439,qval=0.6059,0.568,qval=0.112,,,,,,,,,,,
RpL29,FBgn0016726,5,,TRUE,FALSE,FC0.5,FC0.5_Wake_frequency_5_n=14genes.csv,TRUE,Baseline,-,"MechSD3,
MechSD6,
R23E10>ChR,
THIP","Peak=20, log2b=0.939",0.718,1.243,qval=0.0701,qval=0.827,0.522,0.688,,,,,,,,,,,
RpL30,FBgn0086710,4,,TRUE,FALSE,FC0.5,FC0.5_Wake_frequency_4_n=82genes.csv,FALSE,-,-,"MechSD3,
MechSD6,
MechSD12,
THIP","Peak=20, log2b=1.02, qval=0.1065",0.709,1.13,0.608,qval=0.9633,0.426,0.617,,,,,,,,,,,
RpL31,FBgn0285949,5,,TRUE,FALSE,FC0.5,FC0.5_Wake_frequency_5_n=14genes.csv,TRUE,Baseline,-,"MechSD3,
MechSD6,
MechSD12,
R23E10>ChR","Peak=20, log2b=0.754",0.527,0.944,0.552,qval=0.4789,0.602,qval=0.119,,,,,,,,,,,
RpL32,FBgn0002626,4,,TRUE,FALSE,FC0.5,FC0.5_Wake_frequency_4_n=82genes.csv,TRUE,Baseline,-,"MechSD3,
MechSD6,
MechSD12","Peak=20, log2b=1.011",0.843,1.082,0.724,qval=0.6455,qval=0.0553,qval=0.0647,,,,,,,,,,,
RpL34b,FBgn0037686,4,,TRUE,FALSE,FC0.5,FC0.5_Wake_frequency_4_n=82genes.csv,TRUE,Baseline,-,"MechSD3,
MechSD6,
R23E10>ChR","Peak=20, log2b=0.694",0.525,0.595,0.378,qval=0.2081,0.602,qval=0.0534,,,,,,,,,,,
RpL36,FBgn0002579,5,,TRUE,FALSE,FC0.5,FC0.5_Wake_frequency_5_n=14genes.csv,TRUE,Baseline,-,"MechSD3,
MechSD6,
MechSD12,
R23E10>ChR","Peak=20, log2b=0.811",0.683,0.859,0.584,qval=0.4886,0.547,qval=0.0682,,,,,,,,,,,
RpL37a,FBgn0261608,5,,TRUE,FALSE,FC0.5,FC0.5_Wake_frequency_5_n=14genes.csv,TRUE,Baseline,-,"MechSD3,
MechSD6,
MechSD12,
THIP","Peak=20, log2b=0.835",0.562,0.977,0.521,qval=0.3702,0.416,0.501,,,,,,,,,,,
RpL39,FBgn0023170,5,4,TRUE,TRUE,FC0.5;FC1,FC0.5_Wake_frequency_5_n=14genes.csv;FC1_Wake_frequency_4_n=7genes.csv,TRUE,Baseline,-,"MechSD3,
MechSD6,
MechSD12,
THIP","Peak=20, log2b=1.361",1.02,1.483,1.035,qval=0.9233,0.406,0.949,TRUE,Baseline,-,"MechSD3,
MechSD6,
MechSD12","Peak=20, log2b=1.361",1.02,1.483,1.035,qval=0.9233,0.406,0.949
RpL41,FBgn0066084,5,4,TRUE,TRUE,FC0.5;FC1,FC0.5_Wake_frequency_5_n=14genes.csv;FC1_Wake_frequency_4_n=7genes.csv,TRUE,Baseline,-,"MechSD3,
MechSD6,
MechSD12,
THIP","Peak=20, log2b=1.676",1.153,1.553,1.085,qval=0.8516,qval=0.0872,0.843,TRUE,Baseline,-,"MechSD3,
MechSD6,
MechSD12","Peak=20, log2b=1.676",1.153,1.553,1.085,qval=0.8516,qval=0.0872,0.843
RpLP2,FBgn0003274,4,,TRUE,FALSE,FC0.5,FC0.5_Wake_frequency_4_n=82genes.csv,FALSE,-,-,"MechSD3,
MechSD6,
MechSD12,
THIP","Peak=20, log2b=1.55, qval=0.5112",1.033,1.298,0.782,qval=0.3805,qval=0.0596,0.805,,,,,,,,,,,
RpS15,FBgn0034138,4,,TRUE,FALSE,FC0.5,FC0.5_Wake_frequency_4_n=82genes.csv,TRUE,Baseline,-,"MechSD3,
MechSD6,
THIP","Peak=20, log2b=0.72",0.581,0.795,0.468,qval=0.6598,qval=0.0785,0.596,,,,,,,,,,,
RpS16,FBgn0034743,4,,TRUE,FALSE,FC0.5,FC0.5_Wake_frequency_4_n=82genes.csv,FALSE,-,-,"MechSD3,
MechSD6,
R23E10>ChR,
THIP","Peak=20, log2b=0.878, qval=0.1844",0.617,0.798,0.481,qval=0.611,0.517,0.631,,,,,,,,,,,
RpS18,FBgn0010411,4,,TRUE,FALSE,FC0.5,FC0.5_Wake_frequency_4_n=82genes.csv,FALSE,-,-,"MechSD3,
MechSD6,
MechSD12,
R23E10>ChR","Peak=20, log2b=1.01, qval=0.5995",0.631,0.872,0.569,qval=0.6181,0.539,qval=0.0825,,,,,,,,,,,
RpS19a,FBgn0010412,4,,TRUE,FALSE,FC0.5,FC0.5_Wake_frequency_4_n=82genes.csv,TRUE,Baseline,-,"MechSD3,
MechSD6,
MechSD12","Peak=20, log2b=1.122",0.786,1.144,0.7,qval=0.6546,qval=0.1019,qval=0.0624,,,,,,,,,,,
RpS20,FBgn0019936,5,,TRUE,FALSE,FC0.5,FC0.5_Wake_frequency_5_n=14genes.csv,TRUE,Baseline,-,"MechSD3,
MechSD6,
MechSD12,
THIP","Peak=20, log2b=0.892",0.594,1.002,0.578,qval=0.5103,qval=0.3134,0.655,,,,,,,,,,,
RpS21,FBgn0015521,5,,TRUE,FALSE,FC0.5,FC0.5_Wake_frequency_5_n=14genes.csv,TRUE,Baseline,-,"MechSD3,
MechSD6,
MechSD12,
THIP","Peak=20, log2b=1.127",0.963,1.313,0.824,qval=0.7196,qval=0.0675,0.735,,,,,,,,,,,
RpS27,FBgn0039300,5,,TRUE,FALSE,FC0.5,FC0.5_Wake_frequency_5_n=14genes.csv,TRUE,Baseline,-,"MechSD3,
MechSD6,
MechSD12,
THIP","Peak=20, log2b=0.905",0.628,1.157,0.616,qval=0.7863,0.483,0.535,,,,,,,,,,,
RpS28b,FBgn0030136,5,,TRUE,FALSE,FC0.5,FC0.5_Wake_frequency_5_n=14genes.csv,TRUE,Baseline,-,"MechSD3,
MechSD6,
MechSD12,
THIP","Peak=20, log2b=0.734",0.564,0.997,0.593,qval=0.5158,qval=0.0676,0.531,,,,,,,,,,,
RpS29,FBgn0261599,4,,TRUE,FALSE,FC0.5,FC0.5_Wake_frequency_4_n=82genes.csv,FALSE,-,-,"MechSD3,
MechSD6,
MechSD12,
THIP","Peak=20, log2b=1.04, qval=0.0557",0.554,1.016,0.525,qval=0.8996,qval=0.7991,0.659,,,,,,,,,,,
RpS3,FBgn0002622,4,,TRUE,FALSE,FC0.5,FC0.5_Wake_frequency_4_n=82genes.csv,FALSE,-,-,"MechSD3,
MechSD6,
MechSD12,
THIP","Peak=20, log2b=1.117, qval=0.1065",0.807,0.98,0.734,qval=0.3288,qval=0.0895,0.545,,,,,,,,,,,
RpS9,FBgn0010408,5,,TRUE,FALSE,FC0.5,FC0.5_Wake_frequency_5_n=14genes.csv,FALSE,-,-,"MechSD3,
MechSD6,
MechSD12,
R23E10>ChR,
THIP","Peak=20, log2b=1.119, qval=0.2261",0.701,0.878,0.553,qval=0.4494,0.565,0.647,,,,,,,,,,,
Rpb11,FBgn0032634,4,,TRUE,FALSE,FC0.5,FC0.5_Wake_frequency_4_n=82genes.csv,TRUE,Baseline,-,"MechSD3,
MechSD6,
MechSD12","Peak=20, log2b=1.054",0.543,1.052,0.531,qval=0.5796,qval=0.6137,qval=0.9489,,,,,,,,,,,
SdhD,FBgn0039112,4,,TRUE,FALSE,FC0.5,FC0.5_Wake_frequency_4_n=82genes.csv,TRUE,Baseline,-,"MechSD3,
MechSD6,
MechSD12","Peak=20, log2b=1.103",0.679,0.732,0.53,qval=0.4484,qval=0.953,qval=0.4476,,,,,,,,,,,
Smn,FBgn0036641,4,,TRUE,FALSE,FC0.5,FC0.5_Wake_frequency_4_n=82genes.csv,FALSE,-,-,"MechSD3,
MechSD6,
MechSD12,
R23E10>ChR","Peak=20, log2b=1.224, qval=0.9609",0.515,1.071,0.735,qval=0.2268,0.694,qval=0.8049,,,,,,,,,,,
Spase12,FBgn0040623,4,,TRUE,FALSE,FC0.5,FC0.5_Wake_frequency_4_n=82genes.csv,TRUE,Baseline,-,"MechSD3,
MechSD6,
MechSD12","Peak=20, log2b=1.291",0.994,1.321,0.911,qval=0.6885,qval=0.0848,qval=0.8836,,,,,,,,,,,
Syx16,FBgn0031106,4,,TRUE,FALSE,FC0.5,FC0.5_Wake_frequency_4_n=82genes.csv,FALSE,-,-,"MechSD3,
MechSD6,
MechSD12,
R23E10>ChR","Peak=20, log2b=0.946, qval=0.2662",0.693,0.991,0.619,qval=0.6037,0.533,qval=1.0,,,,,,,,,,,
Syx4,FBgn0024980,4,,TRUE,FALSE,FC0.5,FC0.5_Wake_frequency_4_n=82genes.csv,FALSE,-,-,"MechSD3,
MechSD6,
MechSD12,
R85C10>TrpA1","Peak=8, log2b=1.183, qval=0.4246",0.699,0.729,0.579,0.825,qval=0.848,qval=0.4474,,,,,,,,,,,
Syx8,FBgn0036643,4,,TRUE,FALSE,FC0.5,FC0.5_Wake_frequency_4_n=82genes.csv,FALSE,-,-,"MechSD3,
MechSD6,
MechSD12,
R23E10>ChR","Peak=20, log2b=0.891, qval=0.2509",0.581,0.687,0.502,qval=0.5168,0.719,qval=1.0,,,,,,,,,,,
Tim8,FBgn0027359,4,,TRUE,FALSE,FC0.5,FC0.5_Wake_frequency_4_n=82genes.csv,TRUE,Baseline,-,"MechSD3,
MechSD6,
MechSD12","Peak=20, log2b=1.064",0.608,0.811,0.581,qval=0.1489,qval=0.6136,qval=0.3997,,,,,,,,,,,
Tim9b,FBgn0027358,4,,TRUE,FALSE,FC0.5,FC0.5_Wake_frequency_4_n=82genes.csv,TRUE,Baseline,-,"MechSD3,
MechSD6,
MechSD12","Peak=20, log2b=1.202",0.68,0.992,0.791,qval=0.5969,qval=1.0,qval=1.0,,,,,,,,,,,
UQCR-11,FBgn0260008,4,,TRUE,FALSE,FC0.5,FC0.5_Wake_frequency_4_n=82genes.csv,TRUE,Baseline,-,"MechSD3,
MechSD6,
MechSD12","Peak=20, log2b=1.589",0.745,1.323,0.822,qval=0.5814,-,-,,,,,,,,,,,
UQCR-6.4,FBgn0034245,4,,TRUE,FALSE,FC0.5,FC0.5_Wake_frequency_4_n=82genes.csv,TRUE,Baseline,-,"MechSD3,
MechSD6,
MechSD12","Peak=20, log2b=1.297",0.928,1.143,0.896,qval=0.705,qval=0.1096,qval=1.0,,,,,,,,,,,
UQCR-Q,FBgn0036728,4,,TRUE,FALSE,FC0.5,FC0.5_Wake_frequency_4_n=82genes.csv,TRUE,Baseline,-,"MechSD3,
MechSD6,
MechSD12","Peak=20, log2b=0.772",0.579,0.763,0.558,qval=0.7292,qval=0.2334,qval=0.6229,,,,,,,,,,,
c12.1,FBgn0040235,4,,TRUE,FALSE,FC0.5,FC0.5_Wake_frequency_4_n=82genes.csv,TRUE,Baseline,-,"MechSD3,
MechSD6,
MechSD12","Peak=20, log2b=0.846",0.643,0.833,0.638,qval=0.2699,qval=0.1366,qval=0.9926,,,,,,,,,,,
cl,FBgn0000318,4,,TRUE,FALSE,FC0.5,FC0.5_Wake_frequency_4_n=82genes.csv,TRUE,Baseline,-,"MechSD3,
MechSD6,
MechSD12","Peak=20, log2b=0.818",0.654,0.832,0.528,qval=0.161,qval=0.1231,qval=1.0,,,,,,,,,,,
cype,FBgn0015031,4,,TRUE,FALSE,FC0.5,FC0.5_Wake_frequency_4_n=82genes.csv,TRUE,Baseline,-,"MechSD3,
MechSD6,
MechSD12","Peak=20, log2b=0.939",0.802,0.87,0.654,qval=0.6867,qval=0.4442,qval=1.0,,,,,,,,,,,
l(1)G0004,FBgn0027334,4,,TRUE,FALSE,FC0.5,FC0.5_Wake_frequency_4_n=82genes.csv,FALSE,-,-,"MechSD3,
MechSD6,
MechSD12,
R23E10>ChR","Peak=20, log2b=1.073, qval=0.1871",0.754,0.963,0.536,qval=0.2971,0.786,qval=0.5228,,,,,,,,,,,
mRpL33,FBgn0040907,4,4,TRUE,TRUE,FC0.5;FC1,FC0.5_Wake_frequency_4_n=82genes.csv;FC1_Wake_frequency_4_n=7genes.csv,TRUE,Baseline,-,"MechSD3,
MechSD6,
MechSD12","Peak=20, log2b=1.483",1.058,1.546,1.076,qval=0.6421,qval=0.3136,qval=0.7579,TRUE,Baseline,-,"MechSD3,
MechSD6,
MechSD12","Peak=20, log2b=1.483",1.058,1.546,1.076,qval=0.6421,qval=0.3136,qval=0.7579
mRpL36,FBgn0042112,4,,TRUE,FALSE,FC0.5,FC0.5_Wake_frequency_4_n=82genes.csv,TRUE,Baseline,-,"MechSD3,
MechSD6,
MechSD12","Peak=20, log2b=1.174",0.882,1.025,0.861,qval=0.305,qval=0.2155,qval=0.9156,,,,,,,,,,,
mRpL40,FBgn0037892,5,,TRUE,FALSE,FC0.5,FC0.5_Wake_frequency_5_n=14genes.csv,TRUE,Baseline,-,"MechSD3,
MechSD6,
MechSD12,
R23E10>ChR","Peak=20, log2b=1.082",0.835,0.772,0.623,qval=0.2509,0.573,qval=0.4957,,,,,,,,,,,
mRpS14,FBgn0044030,4,,TRUE,FALSE,FC0.5,FC0.5_Wake_frequency_4_n=82genes.csv,TRUE,Baseline,-,"MechSD3,
MechSD6,
MechSD12","Peak=20, log2b=1.444",0.84,0.804,0.657,qval=0.9137,qval=0.1269,qval=1.0,,,,,,,,,,,
mRpS18C,FBgn0039765,4,,TRUE,FALSE,FC0.5,FC0.5_Wake_frequency_4_n=82genes.csv,TRUE,Baseline,-,"MechSD3,
MechSD6,
R23E10>ChR","Peak=20, log2b=0.925",0.562,0.695,qval=0.3654,qval=0.71,0.58,qval=0.1761,,,,,,,,,,,
mRpS21,FBgn0044511,4,4,TRUE,TRUE,FC0.5;FC1,FC0.5_Wake_frequency_4_n=82genes.csv;FC1_Wake_frequency_4_n=7genes.csv,TRUE,Baseline,-,"MechSD3,
MechSD6,
MechSD12","Peak=20, log2b=1.696",1.03,1.807,1.001,qval=0.2382,qval=1.0,qval=0.7031,TRUE,Baseline,-,"MechSD3,
MechSD6,
MechSD12","Peak=20, log2b=1.696",1.03,1.807,1.001,qval=0.2382,qval=1.0,qval=0.7031
mRpS22,FBgn0039555,4,,TRUE,FALSE,FC0.5,FC0.5_Wake_frequency_4_n=82genes.csv,TRUE,Baseline,-,"MechSD3,
MechSD6,
MechSD12","Peak=20, log2b=1.081",0.65,0.659,0.523,qval=0.39,qval=0.0603,qval=1.0,,,,,,,,,,,
udd,FBgn0033261,4,,TRUE,FALSE,FC0.5,FC0.5_Wake_frequency_4_n=82genes.csv,TRUE,Baseline,-,"MechSD3,
MechSD6,
MechSD12","Peak=20, log2b=0.8",0.649,1.019,0.601,qval=0.6218,qval=0.5812,qval=1.0,,,,,,,,,,,
